"_id","clone_url","commit_size","full_name","gradle_num","issue_size","pom_num","repo_size","status","tesfile_num"
"square/okhttp","https://github.com/square/okhttp.git","4825","square/okhttp","27","6406","0","40323","true","113"
"square/retrofit","https://github.com/square/retrofit.git","1865","square/retrofit","23","3363","0","5508","true","137"
"apache/dubbo","https://github.com/apache/dubbo.git","4597","apache/dubbo","0","6531","114","30892","true","1026"
"bumptech/glide","https://github.com/bumptech/glide.git","2576","bumptech/glide","28","4272","0","90931","true","239"
"skylot/jadx","https://github.com/skylot/jadx.git","1452","skylot/jadx","11","972","0","16493","true","471"
"ctripcorp/apollo","https://github.com/ctripcorp/apollo.git","2481","ctripcorp/apollo","0","3364","13","46242","true","178"
"Netflix/Hystrix","https://github.com/Netflix/Hystrix.git","2109","Netflix/Hystrix","16","1423","0","9784","true","132"
"xkcoding/spring-boot-demo","https://github.com/xkcoding/spring-boot-demo.git","731","xkcoding/spring-boot-demo","0","102","70","13856","true","92"
"alibaba/canal","https://github.com/alibaba/canal.git","1411","alibaba/canal","0","2787","38","18359","true","113"
"facebook/fresco","https://github.com/facebook/fresco.git","2835","facebook/fresco","50","2425","1","72259","true","216"
"redisson/redisson","https://github.com/redisson/redisson.git","6398","redisson/redisson","0","3316","24","17080","true","342"
"alibaba/Sentinel","https://github.com/alibaba/Sentinel.git","685","alibaba/Sentinel","0","1754","85","7093","true","262"
"openzipkin/zipkin","https://github.com/openzipkin/zipkin.git","2626","openzipkin/zipkin","0","3160","17","64317","true","167"
"apache/rocketmq","https://github.com/apache/rocketmq.git","1480","apache/rocketmq","0","2345","17","9028","true","294"
"LMAX-Exchange/disruptor","https://github.com/LMAX-Exchange/disruptor.git","1152","LMAX-Exchange/disruptor","1","342","0","8957","true","118"
"dyc87112/SpringBoot-Learning","https://github.com/dyc87112/SpringBoot-Learning.git","402","dyc87112/SpringBoot-Learning","0","16","120","34270","true","82"
"material-components/material-components-android","https://github.com/material-components/material-components-android.git","3785","material-components/material-components-android","11","1438","0","58403","true","167"
"mockito/mockito","https://github.com/mockito/mockito.git","5507","mockito/mockito","1","1949","0","47031","true","464"
"androidannotations/androidannotations","https://github.com/androidannotations/androidannotations.git","2932","androidannotations/androidannotations","3","2244","22","22499","true","490"
"realm/realm-java","https://github.com/realm/realm-java.git","8658","realm/realm-java","27","6932","0","64204","true","128"
"baomidou/mybatis-plus","https://github.com/baomidou/mybatis-plus.git","4529","baomidou/mybatis-plus","7","3331","0","16145","true","244"
"GoogleContainerTools/jib","https://github.com/GoogleContainerTools/jib.git","1828","GoogleContainerTools/jib","46","3050","21","14746","true","247"
"Netflix/eureka","https://github.com/Netflix/eureka.git","1667","Netflix/eureka","10","1326","0","12057","true","120"
"pagehelper/Mybatis-PageHelper","https://github.com/pagehelper/Mybatis-PageHelper.git","543","pagehelper/Mybatis-PageHelper","0","428","1","4692","true","71"
"rzwitserloot/lombok","https://github.com/rzwitserloot/lombok.git","3226","rzwitserloot/lombok","1","2132","10","78967","true","1227"
"redis/jedis","https://github.com/redis/jedis.git","1783","redis/jedis","0","2276","1","9733","true","82"
"antlr/antlr4","https://github.com/antlr/antlr4.git","7943","antlr/antlr4","0","2465","12","63764","true","246"
"ben-manes/caffeine","https://github.com/ben-manes/caffeine.git","1280","ben-manes/caffeine","6","507","2","98320","true","153"
"perwendel/spark","https://github.com/perwendel/spark.git","1062","perwendel/spark","0","994","1","2486","true","84"
"resilience4j/resilience4j","https://github.com/resilience4j/resilience4j.git","1308","resilience4j/resilience4j","30","1302","0","7177","true","329"
"uber/RIBs","https://github.com/uber/RIBs.git","293","uber/RIBs","19","342","0","4679","true","72"
"google/j2objc","https://github.com/google/j2objc.git","5261","google/j2objc","0","1589","2","99449","true","1858"
"k9mail/k-9","https://github.com/k9mail/k-9.git","10036","k9mail/k-9","26","4656","0","72251","true","113"
"lets-blade/blade","https://github.com/lets-blade/blade.git","769","lets-blade/blade","1","359","1","5311","true","89"
"sockeqwe/mosby","https://github.com/sockeqwe/mosby.git","604","sockeqwe/mosby","16","315","0","26564","true","116"
"apache/zeppelin","https://github.com/apache/zeppelin.git","4839","apache/zeppelin","0","3996","92","89899","true","270"
"thinkaurelius/titan","https://github.com/thinkaurelius/titan.git","4434","thinkaurelius/titan","0","1199","26","91250","true","243"
"intuit/karate","https://github.com/intuit/karate.git","3063","intuit/karate","3","1518","20","22235","true","327"
"go-lang-plugin-org/go-lang-idea-plugin","https://github.com/go-lang-plugin-org/go-lang-idea-plugin.git","3588","go-lang-plugin-org/go-lang-idea-plugin","3","2502","0","34753","true","169"
"quartz-scheduler/quartz","https://github.com/quartz-scheduler/quartz.git","758","quartz-scheduler/quartz","0","425","18","24503","true","163"
"puniverse/quasar","https://github.com/puniverse/quasar.git","2494","puniverse/quasar","2","250","0","80585","true","91"
"sofastack/sofa-boot","https://github.com/sofastack/sofa-boot.git","393","sofastack/sofa-boot","1","774","32","2767","true","300"
"weibocom/motan","https://github.com/weibocom/motan.git","568","weibocom/motan","0","605","25","3638","true","124"
"joelittlejohn/jsonschema2pojo","https://github.com/joelittlejohn/jsonschema2pojo.git","1158","joelittlejohn/jsonschema2pojo","4","1077","10","10496","true","123"
"facebook/facebook-android-sdk","https://github.com/facebook/facebook-android-sdk.git","1876","facebook/facebook-android-sdk","16","826","0","29330","true","102"
"apache/incubator-dolphinscheduler","https://github.com/apache/incubator-dolphinscheduler.git","4759","apache/incubator-dolphinscheduler","0","4617","20","86425","true","331"
"robolectric/robolectric","https://github.com/robolectric/robolectric.git","11236","robolectric/robolectric","33","5707","0","50035","true","732"
"commonsguy/cw-omnibus","https://github.com/commonsguy/cw-omnibus.git","1078","commonsguy/cw-omnibus","1003","19","3","75165","true","79"
"scribejava/scribejava","https://github.com/scribejava/scribejava.git","1219","scribejava/scribejava","0","983","9","2553","true","113"
"apache/jmeter","https://github.com/apache/jmeter.git","17371","apache/jmeter","20","630","0","90284","true","307"
"dromara/soul","https://github.com/dromara/soul.git","1088","dromara/soul","0","1193","120","17605","true","323"
"javaparser/javaparser","https://github.com/javaparser/javaparser.git","7471","javaparser/javaparser","0","2764","9","26372","true","1156"
"azkaban/azkaban","https://github.com/azkaban/azkaban.git","2618","azkaban/azkaban","20","2069","0","53672","true","261"
"dreamhead/moco","https://github.com/dreamhead/moco.git","3309","dreamhead/moco","3","170","0","5354","true","100"
"oblac/jodd","https://github.com/oblac/jodd.git","5357","oblac/jodd","8","774","0","42818","true","253"
"reactor/reactor-core","https://github.com/reactor/reactor-core.git","3434","reactor/reactor-core","6","2594","0","59835","true","423"
"yigit/android-priority-jobqueue","https://github.com/yigit/android-priority-jobqueue.git","380","yigit/android-priority-jobqueue","4","337","0","14756","true","75"
"Netflix/conductor","https://github.com/Netflix/conductor.git","2414","Netflix/conductor","21","1917","0","14423","true","196"
"querydsl/querydsl","https://github.com/querydsl/querydsl.git","7645","querydsl/querydsl","0","2380","30","50945","true","1240"
"google/data-transfer-project","https://github.com/google/data-transfer-project.git","1666","google/data-transfer-project","61","857","0","8250","true","76"
"jboss-javassist/javassist","https://github.com/jboss-javassist/javassist.git","930","jboss-javassist/javassist","0","201","1","24840","true","298"
"stephanenicolas/robospice","https://github.com/stephanenicolas/robospice.git","868","stephanenicolas/robospice","0","387","28","72063","true","118"
"LWJGL/lwjgl3","https://github.com/LWJGL/lwjgl3.git","3417","LWJGL/lwjgl3","1","573","1","47434","true","120"
"line/armeria","https://github.com/line/armeria.git","2830","line/armeria","85","3107","1","88171","true","691"
"undertow-io/undertow","https://github.com/undertow-io/undertow.git","5009","undertow-io/undertow","0","1055","11","24045","true","484"
"guoguibing/librec","https://github.com/guoguibing/librec.git","1082","guoguibing/librec","0","264","4","83844","true","113"
"spring-cloud/spring-cloud-gateway","https://github.com/spring-cloud/spring-cloud-gateway.git","1800","spring-cloud/spring-cloud-gateway","0","1905","8","9050","true","158"
"javaee/jersey","https://github.com/javaee/jersey.git","3167","javaee/jersey","0","3255","346","38964","true","1855"
"mplushnikov/lombok-intellij-plugin","https://github.com/mplushnikov/lombok-intellij-plugin.git","1699","mplushnikov/lombok-intellij-plugin","1","912","2","26901","true","1344"
"remkop/picocli","https://github.com/remkop/picocli.git","3558","remkop/picocli","11","1257","4","30082","true","181"
"alibaba/jetcache","https://github.com/alibaba/jetcache.git","932","alibaba/jetcache","0","380","15","2160","true","85"
"FasterXML/jackson-databind","https://github.com/FasterXML/jackson-databind.git","7797","FasterXML/jackson-databind","0","2730","1","84352","true","601"
"knowm/XChange","https://github.com/knowm/XChange.git","11378","knowm/XChange","0","3746","121","43390","true","674"
"linkedin/databus","https://github.com/linkedin/databus.git","332","linkedin/databus","42","90","0","51191","true","130"
"mock-server/mockserver","https://github.com/mock-server/mockserver.git","3083","mock-server/mockserver","0","892","12","47271","true","424"
"h2database/h2database","https://github.com/h2database/h2database.git","13461","h2database/h2database","0","2800","1","83976","true","318"
"fishercoder1534/Leetcode","https://github.com/fishercoder1534/Leetcode.git","4635","fishercoder1534/Leetcode","1","142","0","8778","true","843"
"iluwatar/java-design-patterns","https://github.com/iluwatar/java-design-patterns.git","3070","iluwatar/java-design-patterns","0","1435","151","26096","true","473"
"netty/netty","https://github.com/netty/netty.git","10268","netty/netty","0","10628","44","68108","true","793"
"JakeWharton/butterknife","https://github.com/JakeWharton/butterknife.git","1016","JakeWharton/butterknife","12","1530","0","3909","true","84"
"alibaba/druid","https://github.com/alibaba/druid.git","6395","alibaba/druid","0","2242","4","64359","true","3580"
"alibaba/fastjson","https://github.com/alibaba/fastjson.git","3810","alibaba/fastjson","0","2074","1","14943","true","2792"
"google/gson","https://github.com/google/gson.git","1485","google/gson","2","1211","6","10647","true","112"
"alibaba/easyexcel","https://github.com/alibaba/easyexcel.git","429","alibaba/easyexcel","0","1576","1","24834","true","156"
"seata/seata","https://github.com/seata/seata.git","1216","seata/seata","0","3083","75","7418","true","363"
"dromara/hutool","https://github.com/dromara/hutool.git","1821","dromara/hutool","0","1488","21","37296","true","329"
"alibaba/nacos","https://github.com/alibaba/nacos.git","3032","alibaba/nacos","0","4963","17","41091","true","150"
"greenrobot/greenDAO","https://github.com/greenrobot/greenDAO.git","883","greenrobot/greenDAO","11","842","0","7357","true","149"
"google/guice","https://github.com/google/guice.git","1928","google/guice","0","1144","18","84511","true","223"
"YunaiV/SpringBoot-Labs","https://github.com/YunaiV/SpringBoot-Labs.git","664","YunaiV/SpringBoot-Labs","0","21","665","1750","true","197"
"google/auto","https://github.com/google/auto.git","1229","google/auto","0","955","12","5544","true","164"
"MyCATApache/Mycat-Server","https://github.com/MyCATApache/Mycat-Server.git","2816","MyCATApache/Mycat-Server","0","1926","1","19347","true","164"
"grpc/grpc-java","https://github.com/grpc/grpc-java.git","4796","grpc/grpc-java","44","7527","5","50525","true","451"
"junit-team/junit4","https://github.com/junit-team/junit4.git","2474","junit-team/junit4","0","1548","1","24337","true","252"
"TooTallNate/Java-WebSocket","https://github.com/TooTallNate/Java-WebSocket.git","1068","TooTallNate/Java-WebSocket","1","1110","1","3999","true","75"
"quarkusio/quarkus","https://github.com/quarkusio/quarkus.git","20296","quarkusio/quarkus","92","14554","1131","95916","true","4976"
"airbnb/epoxy","https://github.com/airbnb/epoxy.git","424","airbnb/epoxy","17","947","0","6373","true","314"
"vipshop/vjtools","https://github.com/vipshop/vjtools.git","401","vipshop/vjtools","0","146","7","2058","true","86"
"AsyncHttpClient/async-http-client","https://github.com/AsyncHttpClient/async-http-client.git","4099","AsyncHttpClient/async-http-client","0","1696","14","18173","true","133"
"google/error-prone","https://github.com/google/error-prone.git","4804","google/error-prone","0","1996","10","90318","true","1177"
"real-logic/aeron","https://github.com/real-logic/aeron.git","14279","real-logic/aeron","2","1140","0","48223","true","194"
"rest-assured/rest-assured","https://github.com/rest-assured/rest-assured.git","2020","rest-assured/rest-assured","0","1051","32","10014","true","269"
"Tencent/Shadow","https://github.com/Tencent/Shadow.git","1465","Tencent/Shadow","84","398","0","3144","true","195"
"micronaut-projects/micronaut-core","https://github.com/micronaut-projects/micronaut-core.git","10075","micronaut-projects/micronaut-core","39","4650","0","71470","true","1070"
"testcontainers/testcontainers-java","https://github.com/testcontainers/testcontainers-java.git","2420","testcontainers/testcontainers-java","57","3566","0","5330","true","484"
"mybatis/generator","https://github.com/mybatis/generator.git","1192","mybatis/generator","0","669","17","45979","true","177"
"JodaOrg/joda-time","https://github.com/JodaOrg/joda-time.git","2174","JodaOrg/joda-time","0","525","1","11151","true","159"
"btraceio/btrace","https://github.com/btraceio/btrace.git","1209","btraceio/btrace","15","450","0","16548","true","247"
"uber/NullAway","https://github.com/uber/NullAway.git","377","uber/NullAway","15","392","0","2364","true","91"
"cglib/cglib","https://github.com/cglib/cglib.git","860","cglib/cglib","0","113","6","4941","true","75"
"spring-projects/spring-data-examples","https://github.com/spring-projects/spring-data-examples.git","551","spring-projects/spring-data-examples","1","582","93","10412","true","163"
"Netflix/ribbon","https://github.com/Netflix/ribbon.git","895","Netflix/ribbon","12","275","0","3335","true","111"
"JanusGraph/janusgraph","https://github.com/JanusGraph/janusgraph.git","6307","JanusGraph/janusgraph","0","2061","30","54882","true","331"
"bitcoinj/bitcoinj","https://github.com/bitcoinj/bitcoinj.git","3588","bitcoinj/bitcoinj","5","1740","0","21977","true","95"
"lettuce-io/lettuce-core","https://github.com/lettuce-io/lettuce-core.git","2094","lettuce-io/lettuce-core","0","1646","1","18891","true","367"
"roboguice/roboguice","https://github.com/roboguice/roboguice.git","1054","roboguice/roboguice","0","203","22","70278","true","231"
"apache/rocketmq-externals","https://github.com/apache/rocketmq-externals.git","837","apache/rocketmq-externals","0","635","33","34232","true","134"
"powermock/powermock","https://github.com/powermock/powermock.git","1619","powermock/powermock","9","691","0","5926","true","664"
"sofastack/sofa-rpc","https://github.com/sofastack/sofa-rpc.git","381","sofastack/sofa-rpc","0","968","62","3116","true","551"
"tuguangquan/mybatis","https://github.com/tuguangquan/mybatis.git","1447","tuguangquan/mybatis","0","8","1","50814","true","575"
"runelite/runelite","https://github.com/runelite/runelite.git","10455","runelite/runelite","0","11495","11","38067","true","158"
"web3j/web3j","https://github.com/web3j/web3j.git","1563","web3j/web3j","22","1248","0","8325","true","135"
"traccar/traccar","https://github.com/traccar/traccar.git","6638","traccar/traccar","1","3288","1","16573","true","346"
"jenkinsci/blueocean-plugin","https://github.com/jenkinsci/blueocean-plugin.git","4185","jenkinsci/blueocean-plugin","0","2067","28","29443","true","210"
"chennaione/sugar","https://github.com/chennaione/sugar.git","483","chennaione/sugar","3","522","0","9679","true","94"
"JCTools/JCTools","https://github.com/JCTools/JCTools.git","988","JCTools/JCTools","0","303","7","7579","true","142"
"jacoco/jacoco","https://github.com/jacoco/jacoco.git","1710","jacoco/jacoco","0","1058","69","10448","true","373"
"pushtorefresh/storio","https://github.com/pushtorefresh/storio.git","1073","pushtorefresh/storio","15","874","0","4427","true","366"
"spring-cloud/spring-cloud-kubernetes","https://github.com/spring-cloud/spring-cloud-kubernetes.git","939","spring-cloud/spring-cloud-kubernetes","0","715","48","3674","true","133"
"google/nomulus","https://github.com/google/nomulus.git","3485","google/nomulus","12","1028","0","70712","true","734"
"torakiki/pdfsam","https://github.com/torakiki/pdfsam.git","1211","torakiki/pdfsam","0","392","15","10758","true","249"
"eclipse/paho.mqtt.java","https://github.com/eclipse/paho.mqtt.java.git","846","eclipse/paho.mqtt.java","0","642","10","6079","true","120"
"spring-cloud/spring-cloud-sleuth","https://github.com/spring-cloud/spring-cloud-sleuth.git","2991","spring-cloud/spring-cloud-sleuth","0","1865","36","88432","true","292"
"functionaljava/functionaljava","https://github.com/functionaljava/functionaljava.git","1115","functionaljava/functionaljava","9","395","0","3483","true","111"
"flutter/flutter-intellij","https://github.com/flutter/flutter-intellij.git","2522","flutter/flutter-intellij","4","4870","0","80076","true","93"
"dcevm/dcevm","https://github.com/dcevm/dcevm.git","234","dcevm/dcevm","2","153","0","1802","true","75"
"galenframework/galen","https://github.com/galenframework/galen.git","1555","galenframework/galen","0","489","6","9067","true","105"
"java-json-tools/json-schema-validator","https://github.com/java-json-tools/json-schema-validator.git","2791","java-json-tools/json-schema-validator","1","227","0","19566","true","110"
"Netflix/servo","https://github.com/Netflix/servo.git","1273","Netflix/servo","8","462","0","5389","true","71"
"RuedigerMoeller/fast-serialization","https://github.com/RuedigerMoeller/fast-serialization.git","773","RuedigerMoeller/fast-serialization","0","225","1","5379","true","97"
"atomashpolskiy/bt","https://github.com/atomashpolskiy/bt.git","918","atomashpolskiy/bt","0","109","12","87176","true","109"
"classgraph/classgraph","https://github.com/classgraph/classgraph.git","4658","classgraph/classgraph","0","504","1","27028","true","179"
"assertj/assertj-core","https://github.com/assertj/assertj-core.git","3252","assertj/assertj-core","0","2040","4","34004","true","3736"
"FasterXML/jackson-core","https://github.com/FasterXML/jackson-core.git","2497","FasterXML/jackson-core","0","636","1","20549","true","160"
"internetarchive/heritrix3","https://github.com/internetarchive/heritrix3.git","2177","internetarchive/heritrix3","0","320","6","10328","true","139"
"real-logic/agrona","https://github.com/real-logic/agrona.git","2073","real-logic/agrona","1","233","0","3860","true","75"
"speedment/speedment","https://github.com/speedment/speedment.git","4752","speedment/speedment","0","837","57","26275","true","825"
"rsocket/rsocket-java","https://github.com/rsocket/rsocket-java.git","1233","rsocket/rsocket-java","10","965","0","5469","true","153"
"apache/mahout","https://github.com/apache/mahout.git","4499","apache/mahout","0","406","19","67391","true","316"
"ratpack/ratpack","https://github.com/ratpack/ratpack.git","6090","ratpack/ratpack","4","1399","0","25285","true","78"
"apache/activemq","https://github.com/apache/activemq.git","10840","apache/activemq","0","614","56","56994","true","2134"
"ninjaframework/ninja","https://github.com/ninjaframework/ninja.git","2124","ninjaframework/ninja","0","595","23","44443","true","234"
"Sayi/poi-tl","https://github.com/Sayi/poi-tl.git","498","Sayi/poi-tl","0","526","1","76558","true","99"
"yidongnan/grpc-spring-boot-starter","https://github.com/yidongnan/grpc-spring-boot-starter.git","877","yidongnan/grpc-spring-boot-starter","21","457","0","2416","true","93"
"diffplug/spotless","https://github.com/diffplug/spotless.git","2628","diffplug/spotless","12","755","0","10645","true","142"
"apache/servicecomb-pack","https://github.com/apache/servicecomb-pack.git","1594","apache/servicecomb-pack","0","649","70","15138","true","120"
"awslabs/djl","https://github.com/awslabs/djl.git","2610","awslabs/djl","38","689","1","19462","true","201"
"elastic/elasticsearch-hadoop","https://github.com/elastic/elasticsearch-hadoop.git","2034","elastic/elasticsearch-hadoop","17","1513","0","8779","true","229"
"goldmansachs/gs-collections","https://github.com/goldmansachs/gs-collections.git","912","goldmansachs/gs-collections","0","40","18","12928","true","1604"
"linkedin/cruise-control","https://github.com/linkedin/cruise-control.git","716","linkedin/cruise-control","2","1433","0","8662","true","117"
"Netflix/Priam","https://github.com/Netflix/Priam.git","1432","Netflix/Priam","5","882","0","13071","true","70"
"intuit/wasabi","https://github.com/intuit/wasabi.git","1084","intuit/wasabi","0","300","30","19431","true","384"
"serso/android-checkout","https://github.com/serso/android-checkout.git","409","serso/android-checkout","3","157","0","2110","true","36"
"hyperledger/fabric-sdk-java","https://github.com/hyperledger/fabric-sdk-java.git","498","hyperledger/fabric-sdk-java","2","119","1","5695","true","63"
"influxdata/influxdb-java","https://github.com/influxdata/influxdb-java.git","1096","influxdata/influxdb-java","0","653","1","1454","true","30"
"Discord4J/Discord4J","https://github.com/Discord4J/Discord4J.git","3313","Discord4J/Discord4J","6","844","0","21628","true","59"
"spring-projects/spring-restdocs","https://github.com/spring-projects/spring-restdocs.git","960","spring-projects/spring-restdocs","17","666","1","4762","true","171"
"Netflix/hollow","https://github.com/Netflix/hollow.git","975","Netflix/hollow","9","421","0","21317","true","210"
"rabbitmq/rabbitmq-java-client","https://github.com/rabbitmq/rabbitmq-java-client.git","4405","rabbitmq/rabbitmq-java-client","0","653","1","56941","true","158"
"resteasy/Resteasy","https://github.com/resteasy/Resteasy.git","4684","resteasy/Resteasy","0","2639","69","55536","true","3033"
"bramp/ffmpeg-cli-wrapper","https://github.com/bramp/ffmpeg-cli-wrapper.git","322","bramp/ffmpeg-cli-wrapper","0","137","1","2772","true","35"
"cloudera/flume","https://github.com/cloudera/flume.git","389","cloudera/flume","0","10","11","47820","true","203"
"blox/blox","https://github.com/blox/blox.git","341","blox/blox","15","351","0","5805","true","84"
"tony19/logback-android","https://github.com/tony19/logback-android.git","4238","tony19/logback-android","2","209","0","51799","true","382"
"aol/micro-server","https://github.com/aol/micro-server.git","988","aol/micro-server","43","382","0","8327","true","612"
"pgjdbc/pgjdbc","https://github.com/pgjdbc/pgjdbc.git","2813","pgjdbc/pgjdbc","6","1786","1","18586","true","221"
"dadoonet/fscrawler","https://github.com/dadoonet/fscrawler.git","1470","dadoonet/fscrawler","0","993","28","13487","true","68"
"leventov/Koloboke","https://github.com/leventov/Koloboke.git","337","leventov/Koloboke","16","33","0","39039","true","101"
"libgdx/gdx-ai","https://github.com/libgdx/gdx-ai.git","396","libgdx/gdx-ai","3","90","0","1457","true","113"
"ff4j/ff4j","https://github.com/ff4j/ff4j.git","1078","ff4j/ff4j","0","472","35","10492","true","279"
"crashub/crash","https://github.com/crashub/crash.git","1988","crashub/crash","0","112","18","20678","true","213"
"ahmetaa/zemberek-nlp","https://github.com/ahmetaa/zemberek-nlp.git","1358","ahmetaa/zemberek-nlp","0","219","17","54500","true","95"
"jfaster/mango","https://github.com/jfaster/mango.git","779","jfaster/mango","0","39","1","2790","true","151"
"jbake-org/jbake","https://github.com/jbake-org/jbake.git","994","jbake-org/jbake","3","526","0","5833","true","45"
"ron190/jsql-injection","https://github.com/ron190/jsql-injection.git","700","ron190/jsql-injection","0","94466","3","12461","true","95"
"wyh-spring-ecosystem-student/spring-boot-student","https://github.com/wyh-spring-ecosystem-student/spring-boot-student.git","505","wyh-spring-ecosystem-student/spring-boot-student","0","3","45","2756","true","123"
"eclipse/eclipse.jdt.ls","https://github.com/eclipse/eclipse.jdt.ls.git","1065","eclipse/eclipse.jdt.ls","20","1429","76","12734","true","355"
"Impetus/Kundera","https://github.com/Impetus/Kundera.git","3929","Impetus/Kundera","0","868","49","30689","true","1888"
"TheGreyGhost/MinecraftByExample","https://github.com/TheGreyGhost/MinecraftByExample.git","546","TheGreyGhost/MinecraftByExample","1","64","0","5509","true","25"
"bennidi/mbassador","https://github.com/bennidi/mbassador.git","336","bennidi/mbassador","1","146","1","2630","true","47"
"LinkedInAttic/camus","https://github.com/LinkedInAttic/camus.git","641","LinkedInAttic/camus","7","190","8","46434","true","31"
"JetBrains/xodus","https://github.com/JetBrains/xodus.git","2498","JetBrains/xodus","15","27","0","8711","true","145"
"scobal/seyren","https://github.com/scobal/seyren.git","640","scobal/seyren","0","403","7","1944","true","23"
"facebookarchive/swift","https://github.com/facebookarchive/swift.git","595","facebookarchive/swift","0","354","15","5806","true","146"
"glowroot/glowroot","https://github.com/glowroot/glowroot.git","4046","glowroot/glowroot","0","613","56","31870","true","506"
"briandilley/jsonrpc4j","https://github.com/briandilley/jsonrpc4j.git","312","briandilley/jsonrpc4j","1","221","0","1491","true","40"
"simon987/Much-Assembly-Required","https://github.com/simon987/Much-Assembly-Required.git","412","simon987/Much-Assembly-Required","0","200","8","4705","true","43"
"davidmoten/rtree","https://github.com/davidmoten/rtree.git","1124","davidmoten/rtree","0","75","1","1736","true","42"
"kaitoy/pcap4j","https://github.com/kaitoy/pcap4j.git","866","kaitoy/pcap4j","0","237","8","15222","true","67"
"PebbleTemplates/pebble","https://github.com/PebbleTemplates/pebble.git","1209","PebbleTemplates/pebble","0","543","8","3369","true","102"
"WeBankFinTech/WeIdentity","https://github.com/WeBankFinTech/WeIdentity.git","782","WeBankFinTech/WeIdentity","1","279","0","34366","true","77"
"spring-projects/spring-hateoas","https://github.com/spring-projects/spring-hateoas.git","925","spring-projects/spring-hateoas","0","1287","1","5519","true","126"
"lenskit/lenskit","https://github.com/lenskit/lenskit.git","6375","lenskit/lenskit","49","945","0","24764","true","208"
"journaldev/journaldev","https://github.com/journaldev/journaldev.git","432","journaldev/journaldev","314","32","163","29415","true","258"
"facebookarchive/nifty","https://github.com/facebookarchive/nifty.git","315","facebookarchive/nifty","0","191","6","1005","true","30"
"mapsforge/mapsforge","https://github.com/mapsforge/mapsforge.git","2110","mapsforge/mapsforge","15","1198","0","54239","true","93"
"google/conscrypt","https://github.com/google/conscrypt.git","4217","google/conscrypt","14","862","0","22802","true","151"
"hantsy/spring-reactive-sample","https://github.com/hantsy/spring-reactive-sample.git","382","hantsy/spring-reactive-sample","0","22","86","1720","true","107"
"srikanth-lingala/zip4j","https://github.com/srikanth-lingala/zip4j.git","324","srikanth-lingala/zip4j","0","286","1","3695","true","35"
"alfio-event/alf.io","https://github.com/alfio-event/alf.io.git","3340","alfio-event/alf.io","1","852","0","37396","true","102"
"spotify/mobius","https://github.com/spotify/mobius.git","376","spotify/mobius","8","133","0","803","true","96"
"vladmihalcea/flexy-pool","https://github.com/vladmihalcea/flexy-pool.git","343","vladmihalcea/flexy-pool","0","55","24","869","true","102"
"vert-x3/vertx-web","https://github.com/vert-x3/vertx-web.git","2909","vert-x3/vertx-web","0","1793","23","17700","true","196"
"leangen/graphql-spqr","https://github.com/leangen/graphql-spqr.git","380","leangen/graphql-spqr","0","332","1","1514","true","60"
"jnr/jnr-ffi","https://github.com/jnr/jnr-ffi.git","1031","jnr/jnr-ffi","0","147","1","5789","true","36"
"hibernate/hibernate-validator","https://github.com/hibernate/hibernate-validator.git","4202","hibernate/hibernate-validator","0","1147","21","30374","true","1022"
"jline/jline3","https://github.com/jline/jline3.git","2202","jline/jline3","0","624","14","6547","true","61"
"spotify/heroic","https://github.com/spotify/heroic.git","1296","spotify/heroic","24","695","0","9886","true","185"
"zalando/logbook","https://github.com/zalando/logbook.git","1697","zalando/logbook","0","978","19","4566","true","166"
"HaraldWalker/user-agent-utils","https://github.com/HaraldWalker/user-agent-utils.git","379","HaraldWalker/user-agent-utils","0","75","1","1459","true","29"
"vladmihalcea/high-performance-java-persistence","https://github.com/vladmihalcea/high-performance-java-persistence.git","870","vladmihalcea/high-performance-java-persistence","0","63","9","2538","true","881"
"pengrad/java-telegram-bot-api","https://github.com/pengrad/java-telegram-bot-api.git","473","pengrad/java-telegram-bot-api","3","222","1","1766","true","35"
"SlimeKnights/TinkersConstruct","https://github.com/SlimeKnights/TinkersConstruct.git","6389","SlimeKnights/TinkersConstruct","1","4186","0","36479","true","36"
"selendroid/selendroid","https://github.com/selendroid/selendroid.git","1344","selendroid/selendroid","9","1052","9","15750","true","101"
"bbottema/simple-java-mail","https://github.com/bbottema/simple-java-mail.git","1520","bbottema/simple-java-mail","0","294","12","13580","true","49"
"NordicSemiconductor/Android-BLE-Library","https://github.com/NordicSemiconductor/Android-BLE-Library.git","380","NordicSemiconductor/Android-BLE-Library","4","225","0","1169","true","33"
"pholser/junit-quickcheck","https://github.com/pholser/junit-quickcheck.git","1014","pholser/junit-quickcheck","0","297","5","18007","true","335"
"apache/sqoop","https://github.com/apache/sqoop.git","969","apache/sqoop","1","64","0","18789","true","368"
"wildfly/quickstart","https://github.com/wildfly/quickstart.git","2306","wildfly/quickstart","0","484","170","37815","true","97"
"bartdag/py4j","https://github.com/bartdag/py4j.git","744","bartdag/py4j","1","300","1","16472","true","86"
"mimno/Mallet","https://github.com/mimno/Mallet.git","704","mimno/Mallet","0","88","1","40896","true","56"
"opensagres/xdocreport","https://github.com/opensagres/xdocreport.git","1119","opensagres/xdocreport","0","187","72","26671","true","252"
"psiegman/epublib","https://github.com/psiegman/epublib.git","568","psiegman/epublib","0","60","3","2973","true","27"
"nasa/mct","https://github.com/nasa/mct.git","977","nasa/mct","0","267","27","8823","true","367"
"JFormDesigner/FlatLaf","https://github.com/JFormDesigner/FlatLaf.git","1426","JFormDesigner/FlatLaf","12","257","0","7154","true","38"
"Haehnchen/idea-php-symfony2-plugin","https://github.com/Haehnchen/idea-php-symfony2-plugin.git","2549","Haehnchen/idea-php-symfony2-plugin","1","1102","0","11727","true","221"
"lviggiano/owner","https://github.com/lviggiano/owner.git","975","lviggiano/owner","0","194","9","4906","true","97"
"HubSpot/Singularity","https://github.com/HubSpot/Singularity.git","11832","HubSpot/Singularity","0","2144","14","30689","true","47"
"davidmoten/rxjava-jdbc","https://github.com/davidmoten/rxjava-jdbc.git","853","davidmoten/rxjava-jdbc","0","68","1","1177","true","27"
"material-foundation/material-remixer-android","https://github.com/material-foundation/material-remixer-android.git","372","material-foundation/material-remixer-android","7","138","0","950","true","65"
"Netflix/governator","https://github.com/Netflix/governator.git","1102","Netflix/governator","14","349","0","4543","true","155"
"mvel/mvel","https://github.com/mvel/mvel.git","3101","mvel/mvel","0","180","1","14490","true","113"
"uniVocity/univocity-parsers","https://github.com/uniVocity/univocity-parsers.git","871","uniVocity/univocity-parsers","0","420","1","3437","true","230"
"actiontech/dble","https://github.com/actiontech/dble.git","3076","actiontech/dble","0","2489","1","17831","true","102"
"apache/mina","https://github.com/apache/mina.git","2401","apache/mina","0","18","16","15313","true","107"
"foxinmy/weixin4j","https://github.com/foxinmy/weixin4j.git","925","foxinmy/weixin4j","0","191","9","5623","true","67"
"inferred/FreeBuilder","https://github.com/inferred/FreeBuilder.git","972","inferred/FreeBuilder","1","395","0","4511","true","152"
"bobbylight/RSyntaxTextArea","https://github.com/bobbylight/RSyntaxTextArea.git","745","bobbylight/RSyntaxTextArea","3","281","0","12257","true","194"
"OfficeDev/ews-java-api","https://github.com/OfficeDev/ews-java-api.git","499","OfficeDev/ews-java-api","0","419","1","12133","true","32"
"yahoo/elide","https://github.com/yahoo/elide.git","2490","yahoo/elide","0","1813","22","13227","true","480"
"structurizr/java","https://github.com/structurizr/java.git","1152","structurizr/java","4","153","0","33782","true","76"
"lets-mica/mica","https://github.com/lets-mica/mica.git","731","lets-mica/mica","17","30","0","17655","true","70"
"FluentLenium/FluentLenium","https://github.com/FluentLenium/FluentLenium.git","2468","FluentLenium/FluentLenium","1","1179","47","11302","true","468"
"barbeau/gpstest","https://github.com/barbeau/gpstest.git","811","barbeau/gpstest","2","423","0","20503","true","52"
"open-telemetry/opentelemetry-java","https://github.com/open-telemetry/opentelemetry-java.git","1957","open-telemetry/opentelemetry-java","62","2865","0","11156","true","313"
"FabricMC/fabric","https://github.com/FabricMC/fabric.git","684","FabricMC/fabric","44","1007","0","3468","true","83"
"MyCATApache/Mycat2","https://github.com/MyCATApache/Mycat2.git","2655","MyCATApache/Mycat2","0","438","23","16237","true","69"
"UnderwaterApps/overlap2d","https://github.com/UnderwaterApps/overlap2d.git","1223","UnderwaterApps/overlap2d","5","294","0","13127","true","40"
"jeffheaton/aifh","https://github.com/jeffheaton/aifh.git","469","jeffheaton/aifh","4","34","0","5901","true","45"
"jfrog/project-examples","https://github.com/jfrog/project-examples.git","536","jfrog/project-examples","32","201","33","22429","true","54"
"javalite/javalite","https://github.com/javalite/javalite.git","2499","javalite/javalite","0","917","30","23877","true","525"
"Netflix/suro","https://github.com/Netflix/suro.git","554","Netflix/suro","10","219","0","4383","true","85"
"takari/polyglot-maven","https://github.com/takari/polyglot-maven.git","773","takari/polyglot-maven","0","192","157","2138","true","29"
"magro/memcached-session-manager","https://github.com/magro/memcached-session-manager.git","669","magro/memcached-session-manager","0","335","13","5794","true","86"
"webx/citrus","https://github.com/webx/citrus.git","429","webx/citrus","0","27","34","7482","true","649"
"scala-android/sbt-android","https://github.com/scala-android/sbt-android.git","1284","scala-android/sbt-android","10","324","0","9620","true","259"
"SonarSource/sonar-java","https://github.com/SonarSource/sonar-java.git","7513","SonarSource/sonar-java","0","3512","80","51433","true","2140"
"hub4j/github-api","https://github.com/hub4j/github-api.git","2774","hub4j/github-api","0","987","1","29463","true","68"
"atilika/kuromoji","https://github.com/atilika/kuromoji.git","431","atilika/kuromoji","0","110","10","5762","true","47"
"spring-projects/spring-data-rest","https://github.com/spring-projects/spring-data-rest.git","1401","spring-projects/spring-data-rest","0","1239","12","10315","true","221"
"jpmml/jpmml-evaluator","https://github.com/jpmml/jpmml-evaluator.git","1390","jpmml/jpmml-evaluator","0","197","10","7053","true","129"
"apache/griffin","https://github.com/apache/griffin.git","596","apache/griffin","0","577","5","27976","true","36"
"pippo-java/pippo","https://github.com/pippo-java/pippo.git","1403","pippo-java/pippo","0","519","55","3472","true","42"
"NightscoutFoundation/xDrip","https://github.com/NightscoutFoundation/xDrip.git","5402","NightscoutFoundation/xDrip","4","1393","0","30571","true","45"
"zalando/nakadi","https://github.com/zalando/nakadi.git","5500","zalando/nakadi","11","1226","0","12893","true","158"
"apereo/java-cas-client","https://github.com/apereo/java-cas-client.git","1002","apereo/java-cas-client","0","433","15","2151","true","41"
"jmrozanec/cron-utils","https://github.com/jmrozanec/cron-utils.git","1248","jmrozanec/cron-utils","0","457","1","2275","true","104"
"jeffheaton/encog-java-core","https://github.com/jeffheaton/encog-java-core.git","3629","jeffheaton/encog-java-core","1","194","0","32251","true","150"
"SQiShER/java-object-diff","https://github.com/SQiShER/java-object-diff.git","453","SQiShER/java-object-diff","1","165","0","2272","true","47"
"warmuuh/milkman","https://github.com/warmuuh/milkman.git","591","warmuuh/milkman","0","92","16","4124","true","38"
"pgjdbc/r2dbc-postgresql","https://github.com/pgjdbc/r2dbc-postgresql.git","577","pgjdbc/r2dbc-postgresql","0","368","1","2747","true","172"
"crossoverJie/JCSprout","https://github.com/crossoverJie/JCSprout.git","706","crossoverJie/JCSprout","0","156","1","1182","true","23"
"alibaba/arthas","https://github.com/alibaba/arthas.git","1510","alibaba/arthas","0","1580","18","22897","true","43"
"halo-dev/halo","https://github.com/halo-dev/halo.git","1963","halo-dev/halo","1","1237","0","32517","true","55"
"aliyun/aliyun-oss-java-sdk","https://github.com/aliyun/aliyun-oss-java-sdk.git","314","aliyun/aliyun-oss-java-sdk","0","263","1","9820","true","173"
"jbox2d/jbox2d","https://github.com/jbox2d/jbox2d.git","746","jbox2d/jbox2d","0","47","7","27254","true","94"
"twitter-archive/twitter-kit-android","https://github.com/twitter-archive/twitter-kit-android.git","493","twitter-archive/twitter-kit-android","13","101","0","4741","true","108"
"microsoft/mssql-jdbc","https://github.com/microsoft/mssql-jdbc.git","2137","microsoft/mssql-jdbc","1","1482","10","11943","true","173"
"apache/commons-io","https://github.com/apache/commons-io.git","2975","apache/commons-io","0","183","1","7608","true","181"
"apache/log4j","https://github.com/apache/log4j.git","3275","apache/log4j","0","0","1","13974","true","90"
"palatable/lambda","https://github.com/palatable/lambda.git","686","palatable/lambda","0","102","1","5800","true","324"
"vojtechhabarta/typescript-generator","https://github.com/vojtechhabarta/typescript-generator.git","680","vojtechhabarta/typescript-generator","2","617","7","10859","true","82"
"javers/javers","https://github.com/javers/javers.git","2742","javers/javers","9","1041","0","8616","true","93"
"spring-projects/spring-integration-samples","https://github.com/spring-projects/spring-integration-samples.git","576","spring-projects/spring-integration-samples","1","272","71","12965","true","97"
"WeBankFinTech/Linkis","https://github.com/WeBankFinTech/Linkis.git","985","WeBankFinTech/Linkis","0","559","100","15074","true","80"
"DozerMapper/dozer","https://github.com/DozerMapper/dozer.git","1068","DozerMapper/dozer","0","725","16","21281","true","645"
"camunda-cloud/zeebe","https://github.com/camunda-cloud/zeebe.git","9872","camunda-cloud/zeebe","0","6283","40","86687","true","955"
"ehcache/ehcache3","https://github.com/ehcache/ehcache3.git","4593","ehcache/ehcache3","27","2769","0","19482","true","673"
"spring-projects-experimental/spring-native","https://github.com/spring-projects-experimental/spring-native.git","1953","spring-projects-experimental/spring-native","7","592","67","7652","true","92"
"jphp-group/jphp","https://github.com/jphp-group/jphp.git","1807","jphp-group/jphp","34","385","0","12170","true","117"
"mabe02/lanterna","https://github.com/mabe02/lanterna.git","2390","mabe02/lanterna","0","469","2","12140","true","115"
"fossasia/open-event-organizer-android","https://github.com/fossasia/open-event-organizer-android.git","1109","fossasia/open-event-organizer-android","2","2157","0","63384","true","77"
"HotswapProjects/HotswapAgent","https://github.com/HotswapProjects/HotswapAgent.git","788","HotswapProjects/HotswapAgent","0","309","38","3563","true","158"
"lealone/Lealone","https://github.com/lealone/Lealone.git","1859","lealone/Lealone","0","99","15","21516","true","175"
"Arello-Mobile/Moxy","https://github.com/Arello-Mobile/Moxy.git","383","Arello-Mobile/Moxy","11","216","0","1107","true","132"
"kairosdb/kairosdb","https://github.com/kairosdb/kairosdb.git","1374","kairosdb/kairosdb","0","510","1","47689","true","122"
"hneemann/Digital","https://github.com/hneemann/Digital.git","4216","hneemann/Digital","0","630","1","38252","true","281"
"rapidoid/rapidoid","https://github.com/rapidoid/rapidoid.git","5230","rapidoid/rapidoid","0","158","12","23213","true","231"
"spring-projects/spring-batch","https://github.com/spring-projects/spring-batch.git","5631","spring-projects/spring-batch","0","3532","8","98612","true","968"
"OryxProject/oryx","https://github.com/OryxProject/oryx.git","1112","OryxProject/oryx","0","369","16","7461","true","189"
"confluentinc/kafka-rest","https://github.com/confluentinc/kafka-rest.git","2003","confluentinc/kafka-rest","0","585","2","5404","true","119"
"lukas-krecan/ShedLock","https://github.com/lukas-krecan/ShedLock.git","1215","lukas-krecan/ShedLock","0","480","32","2689","true","121"
"hamcrest/JavaHamcrest","https://github.com/hamcrest/JavaHamcrest.git","765","hamcrest/JavaHamcrest","1","212","0","19366","true","72"
"apache/hudi","https://github.com/apache/hudi.git","1440","apache/hudi","0","2603","42","30604","true","374"
"parse-community/Parse-SDK-Android","https://github.com/parse-community/Parse-SDK-Android.git","517","parse-community/Parse-SDK-Android","11","966","0","2096","true","82"
"modelmapper/modelmapper","https://github.com/modelmapper/modelmapper.git","665","modelmapper/modelmapper","0","409","12","1751","true","222"
"corona-warn-app/cwa-server","https://github.com/corona-warn-app/cwa-server.git","838","corona-warn-app/cwa-server","0","1273","11","31540","true","164"
"spring-cloud/spring-cloud-config","https://github.com/spring-cloud/spring-cloud-config.git","1536","spring-cloud/spring-cloud-config","0","1668","9","37900","true","122"
"sanluan/PublicCMS","https://github.com/sanluan/PublicCMS.git","1251","sanluan/PublicCMS","10","49","10","56409","true","99"
"unclebob/fitnesse","https://github.com/unclebob/fitnesse.git","5868","unclebob/fitnesse","2","1225","0","73779","true","599"
"stagemonitor/stagemonitor","https://github.com/stagemonitor/stagemonitor.git","1919","stagemonitor/stagemonitor","17","400","0","10345","true","155"
"qos-ch/slf4j","https://github.com/qos-ch/slf4j.git","1669","qos-ch/slf4j","0","148","14","10689","true","96"
"spotify/apollo","https://github.com/spotify/apollo.git","659","spotify/apollo","0","316","12","2677","true","106"
"spring-projects/spring-session","https://github.com/spring-projects/spring-session.git","1380","spring-projects/spring-session","1","1620","0","21511","true","158"
"cbeust/jcommander","https://github.com/cbeust/jcommander.git","987","cbeust/jcommander","1","393","0","32475","true","90"
"hugegraph/hugegraph","https://github.com/hugegraph/hugegraph.git","1230","hugegraph/hugegraph","0","960","13","9580","true","92"
"aNNiMON/Lightweight-Stream-API","https://github.com/aNNiMON/Lightweight-Stream-API.git","612","aNNiMON/Lightweight-Stream-API","3","189","0","1902","true","323"
"nisrulz/android-examples","https://github.com/nisrulz/android-examples.git","730","nisrulz/android-examples","243","20","0","91318","true","121"
"firebase/firebase-android-sdk","https://github.com/firebase/firebase-android-sdk.git","1220","firebase/firebase-android-sdk","4","2257","0","20695","true","469"
"jdbi/jdbi","https://github.com/jdbi/jdbi.git","4313","jdbi/jdbi","0","1696","26","22286","true","351"
"ta4j/ta4j","https://github.com/ta4j/ta4j.git","909","ta4j/ta4j","0","670","3","7582","true","213"
"dboissier/mongo4idea","https://github.com/dboissier/mongo4idea.git","561","dboissier/mongo4idea","1","216","0","46891","true","12"
"nginx-clojure/nginx-clojure","https://github.com/nginx-clojure/nginx-clojure.git","552","nginx-clojure/nginx-clojure","0","238","5","3541","true","60"
"plantuml/plantuml-server","https://github.com/plantuml/plantuml-server.git","325","plantuml/plantuml-server","0","95","1","6915","true","15"
"tomighty/tomighty","https://github.com/tomighty/tomighty.git","359","tomighty/tomighty","0","56","3","4236","true","22"
"FasterXML/jackson-annotations","https://github.com/FasterXML/jackson-annotations.git","746","FasterXML/jackson-annotations","0","172","1","3300","true","13"
"oracle/oracle-db-examples","https://github.com/oracle/oracle-db-examples.git","838","oracle/oracle-db-examples","0","146","3","31181","true","19"
"webbit/webbit","https://github.com/webbit/webbit.git","767","webbit/webbit","0","106","1","20032","true","38"
"techa03/goodsKill","https://github.com/techa03/goodsKill.git","655","techa03/goodsKill","0","85","25","10341","true","18"
"apache/guacamole-client","https://github.com/apache/guacamole-client.git","5663","apache/guacamole-client","0","557","24","20060","true","12"
"rakam-io/rakam-api","https://github.com/rakam-io/rakam-api.git","1760","rakam-io/rakam-api","0","111","10","27926","true","21"
"jshiell/checkstyle-idea","https://github.com/jshiell/checkstyle-idea.git","861","jshiell/checkstyle-idea","2","454","0","19069","true","19"
"enilu/web-flash","https://github.com/enilu/web-flash.git","333","enilu/web-flash","0","78","4","15780","true","11"
"AndroidVTS/android-vts","https://github.com/AndroidVTS/android-vts.git","389","AndroidVTS/android-vts","2","129","0","52035","true","15"
"gaul/s3proxy","https://github.com/gaul/s3proxy.git","824","gaul/s3proxy","0","284","1","1394","true","15"
"dunwu/javacore","https://github.com/dunwu/javacore.git","408","dunwu/javacore","0","16","12","12852","true","12"
"GcsSloop/diycode","https://github.com/GcsSloop/diycode.git","379","GcsSloop/diycode","5","6","0","1519","true","14"
"JetBrains/intellij-sdk-docs","https://github.com/JetBrains/intellij-sdk-docs.git","3193","JetBrains/intellij-sdk-docs","21","389","0","40730","true","16"
"kaikramer/keystore-explorer","https://github.com/kaikramer/keystore-explorer.git","692","kaikramer/keystore-explorer","1","189","0","34005","true","17"
"rnewson/couchdb-lucene","https://github.com/rnewson/couchdb-lucene.git","1121","rnewson/couchdb-lucene","0","206","1","3588","true","12"
"carrotsearch/hppc","https://github.com/carrotsearch/hppc.git","629","carrotsearch/hppc","6","15","0","45852","true","38"
